<?xml version="1.0" encoding="UTF-8"?>
<Formations>
    <Formation>
        <code>GI</code>
        <categorie>
            <codeCat>CS</codeCat>
            <creditCat>30</creditCat>
        </categorie>
        <categorie>
            <codeCat>TM</codeCat>
            <creditCat>30</creditCat>
        </categorie>
        <categorie>
            <codeCat>TSH</codeCat>
            <creditCat>28</creditCat>
        </categorie>
        <Filiere>
            <code>ADEL</code>
            <credit>24</credit>
        </Filiere>
        <Filiere>
            <code>FDD</code>
            <credit>24</credit>
        </Filiere>
        <Filiere>
            <code>ICSI</code>
            <credit>24</credit>
        </Filiere>
        <Filiere>
            <code>SRI</code>
            <credit>24</credit>
        </Filiere>
        <Filiere>
            <code>STRIE</code>
            <credit>24</credit>
        </Filiere>
    </Formation>
    <Formation>
        <code>TC</code>
        <categorie>
            <codeCat>CS</codeCat>
            <creditCat>48</creditCat>
        </categorie>
        <categorie>
            <codeCat>SP</codeCat>
            <creditCat>6</creditCat>
        </categorie>
        <categorie>
            <codeCat>TM</codeCat>
            <creditCat>24</creditCat>
        </categorie>
        <categorie>
            <codeCat>TSH</codeCat>
            <creditCat>24</creditCat>
        </categorie>
    </Formation>
</Formations>
