<?xml version="1.0" encoding="UTF-8"?>
<uvs>
    <uv automne="true" printemps="true">
        <code>BL01</code>
        <titre>Sciences Biologiques Pour L'Ingénieur</titre>
        <credits>6</credits>
        <categorie>CS</categorie>
    </uv>
    <uv automne="true" printemps="true">
        <code>BL10</code>
        <titre>Structures Et Physicochimie Des Molécules Biologiques</titre>
        <credits>6</credits>
        <categorie>CS</categorie>
    </uv>
    <uv automne="false" printemps="true">
        <code>BL22</code>
        <titre>Microbiologie Et Biologie Moléculaire</titre>
        <credits>6</credits>
        <categorie>CS</categorie>
    </uv>
    <uv automne="false" printemps="true">
        <code>CM01</code>
        <titre>Physique De La Matière</titre>
        <credits>6</credits>
        <categorie>CS</categorie>
    </uv>
    <uv automne="true" printemps="true">
        <code>CM11</code>
        <titre>Chimie Générale</titre>
        <credits>6</credits>
        <categorie>CS</categorie>
    </uv>
    <uv automne="true" printemps="true">
        <code>CM12</code>
        <titre>Chimie Physique Minérale</titre>
        <credits>6</credits>
        <categorie>CS</categorie>
    </uv>
    <uv automne="true" printemps="true">
        <code>CM13</code>
        <titre>Chimie Des Substances Organiques Et Biologiques</titre>
        <credits>6</credits>
        <categorie>CS</categorie>
    </uv>
    <uv automne="false" printemps="true">
        <code>CM15</code>
        <titre>Systemes Colloidaux - Applications Agroalimentaires</titre>
        <credits>6</credits>
        <categorie>CS</categorie>
    </uv>
    <uv automne="false" printemps="true">
        <code>EL01</code>
        <titre>Phénomènes Electromagnétiques</titre>
        <credits>6</credits>
        <categorie>CS</categorie>
    </uv>
    <uv automne="true" printemps="true">
        <code>EN21</code>
        <titre>Bases De L'électronique Analogique</titre>
        <credits>6</credits>
        <categorie>CS</categorie>
    </uv>
    <uv automne="false" printemps="true">
        <code>IA02</code>
        <titre>Résolution De Problèmes Et Programmation Logique</titre>
        <credits>6</credits>
        <categorie>CS</categorie>
    </uv>
    <uv automne="true" printemps="true">
        <code>MQ01</code>
        <titre>éléments De Resistance Des Matériaux</titre>
        <credits>6</credits>
        <categorie>CS</categorie>
    </uv>
    <uv automne="true" printemps="true">
        <code>MQ03</code>
        <titre>Mécanique Des Vibrations I</titre>
        <credits>6</credits>
        <categorie>CS</categorie>
    </uv>
    <uv automne="true" printemps="true">
        <code>MQ17</code>
        <titre>Introduction Aux Propriétés Mécaniques Et à L'Ingénierie Des Matériaux</titre>
        <credits>6</credits>
        <categorie>CS</categorie>
    </uv>
    <uv automne="false" printemps="true">
        <code>MQ18</code>
        <titre>Cinématique Et Dynamique Des Systèmes</titre>
        <credits>6</credits>
        <categorie>CS</categorie>
    </uv>
    <uv automne="false" printemps="true">
        <code>MT10</code>
        <titre>Structures,Calcul Formel Et Algorithmes</titre>
        <credits>6</credits>
        <categorie>CS</categorie>
    </uv>
    <uv automne="true" printemps="true">
        <code>MT12</code>
        <titre>Methodes Mathematiques Pour L'Analyse Du Signal Et De L'Image</titre>
        <credits>6</credits>
        <categorie>CS</categorie>
    </uv>
    <uv automne="true" printemps="true">
        <code>MT22</code>
        <titre>Fonctions De Plusieurs Variables Réelles Et Applications</titre>
        <credits>6</credits>
        <categorie>CS</categorie>
    </uv>
    <uv automne="true" printemps="true">
        <code>MT23</code>
        <titre>Algèbre Linéaire Et Applications</titre>
        <credits>6</credits>
        <categorie>CS</categorie>
    </uv>
    <uv automne="true" printemps="true">
        <code>MT90</code>
        <titre>Fonctions D'Une Variable Reelle 1</titre>
        <credits>4</credits>
        <categorie>CS</categorie>
    </uv>
    <uv automne="true" printemps="true">
        <code>MT91</code>
        <titre>Fonctions D'Une Variable Reelle 2</titre>
        <credits>3</credits>
        <categorie>CS</categorie>
    </uv>
    <uv automne="true" printemps="true">
        <code>NF04</code>
        <titre>Modélisation Numérique Des Problèmes De L'Ingénieur</titre>
        <credits>6</credits>
        <categorie>CS</categorie>
    </uv>
    <uv automne="false" printemps="true">
        <code>LO21</code>
        <titre>Programmation et Conception Orienté Objet</titre>
        <credits>6</credits>
        <categorie>CS</categorie>
    </uv>
    <uv automne="true" printemps="true">
        <code>PS04</code>
        <titre>Thermodynamique</titre>
        <credits>6</credits>
        <categorie>CS</categorie>
    </uv>
    <uv automne="true" printemps="true">
        <code>PS91</code>
        <titre>Mecanique Physique</titre>
        <credits>6</credits>
        <categorie>CS</categorie>
    </uv>
    <uv automne="false" printemps="true">
        <code>PS92</code>
        <titre>Dynamique Des Systemes Et Des Solides</titre>
        <credits>3</credits>
        <categorie>CS</categorie>
    </uv>
    <uv automne="true" printemps="true">
        <code>PS93</code>
        <titre>Optique Geometrique</titre>
        <credits>3</credits>
        <categorie>CS</categorie>
    </uv>
    <uv automne="true" printemps="true">
        <code>PS94</code>
        <titre>Electricite</titre>
        <credits>3</credits>
        <categorie>CS</categorie>
    </uv>
    <uv automne="false" printemps="true">
        <code>RO03</code>
        <titre>Recherche Opérationnelle, Optimisation Combinatoire</titre>
        <credits>6</credits>
        <categorie>CS</categorie>
    </uv>
    <uv automne="false" printemps="true">
        <code>RR01</code>
        <titre>Cinétique Chimique Et Réacteurs Homogènes</titre>
        <credits>6</credits>
        <categorie>CS</categorie>
    </uv>
    <uv automne="false" printemps="true">
        <code>SR02</code>
        <titre>Systèmes D'Exploitation : Des Concepts à La Programmation</titre>
        <credits>6</credits>
        <categorie>CS</categorie>
    </uv>
    <uv automne="true" printemps="true">
        <code>SY01</code>
        <titre>éléments De Probabilités</titre>
        <credits>6</credits>
        <categorie>CS</categorie>
    </uv>
    <uv automne="true" printemps="true">
        <code>SY02</code>
        <titre>Méthodes Statistiques Pour L'Ingénieur</titre>
        <credits>6</credits>
        <categorie>CS</categorie>
    </uv>
    <uv automne="false" printemps="true">
        <code>SY04</code>
        <titre>Systèmes Asservis Linéaires : Analyse Et Commande</titre>
        <credits>6</credits>
        <categorie>CS</categorie>
    </uv>
    <uv automne="false" printemps="true">
        <code>SY14</code>
        <titre>éléments D'Automatique</titre>
        <credits>6</credits>
        <categorie>CS</categorie>
    </uv>
    <uv automne="true" printemps="true">
        <code>TF01</code>
        <titre>Mécanique Des Fluides Incompressibles</titre>
        <credits>6</credits>
        <categorie>CS</categorie>
    </uv>
    <uv automne="false" printemps="true">
        <code>TF06</code>
        <titre>Transfert De Chaleur</titre>
        <credits>6</credits>
        <categorie>CS</categorie>
    </uv>
    <uv automne="true" printemps="true">
        <code>TN06</code>
        <titre>Transmission Des Efforts En Mécanique</titre>
        <credits>6</credits>
        <categorie>CS</categorie>
    </uv>
    <uv automne="false" printemps="false">
        <code>BA07</code>
        <titre>Modes Opératoires De La Construction</titre>
        <credits>5</credits>
        <categorie>TM</categorie>
    </uv>
    <uv automne="false" printemps="false">
        <code>BL09</code>
        <titre>Biophysique Des Systèmes Biologiques</titre>
        <credits>6</credits>
        <categorie>TM</categorie>
    </uv>
    <uv automne="false" printemps="false">
        <code>BM01</code>
        <titre>Introduction à L'Instrumentation Biomédicale</titre>
        <credits>5</credits>
        <categorie>TM</categorie>
    </uv>
    <uv automne="false" printemps="false">
        <code>BT02</code>
        <titre>Opérations Agro-Industrielles</titre>
        <credits>6</credits>
        <categorie>TM</categorie>
    </uv>
    <uv automne="false" printemps="false">
        <code>C2I1</code>
        <titre>Certificat Informatique Et Internet Niveau 1</titre>
        <credits>4</credits>
        <categorie>TM</categorie>
    </uv>
    <uv automne="false" printemps="false">
        <code>CM70</code>
        <titre>Travaux Pratiques De Gp (1)</titre>
        <credits>3</credits>
        <categorie>TM</categorie>
    </uv>
    <uv automne="false" printemps="false">
        <code>DD02</code>
        <titre>Introduction A L'Eco-Conception Et A L'Analyse De Cycle De Vie</titre>
        <credits>3</credits>
        <categorie>TM</categorie>
    </uv>
    <uv automne="false" printemps="false">
        <code>EL02</code>
        <titre>électricité Industrielle Appliquée</titre>
        <credits>6</credits>
        <categorie>TM</categorie>
    </uv>
    <uv automne="false" printemps="false">
        <code>FQ01</code>
        <titre>économie Globale Et Maitrise De La Qualité</titre>
        <credits>6</credits>
        <categorie>TM</categorie>
    </uv>
    <uv automne="false" printemps="false">
        <code>GE37</code>
        <titre>Gestion De Projet</titre>
        <credits>6</credits>
        <categorie>TM</categorie>
    </uv>
    <uv automne="false" printemps="false">
        <code>LO01</code>
        <titre>Bases De La Programmation</titre>
        <credits>6</credits>
        <categorie>TM</categorie>
    </uv>
    <uv automne="true" printemps="false">
        <code>SR01</code>
        <titre>Maitrise des systèmes informatiques</titre>
        <credits>6</credits>
        <categorie>TM</categorie>
    </uv>
    <uv automne="false" printemps="false">
        <code>LO22</code>
        <titre>Genie Logiciel</titre>
        <credits>6</credits>
        <categorie>TM</categorie>
    </uv>
    <uv automne="false" printemps="false">
        <code>MT94</code>
        <titre>Introduction Aux Mathematiques Appliquées</titre>
        <credits>6</credits>
        <categorie>TM</categorie>
    </uv>
    <uv automne="false" printemps="false">
        <code>NF01</code>
        <titre>Algorithmique Et Programmation</titre>
        <credits>6</credits>
        <categorie>TM</categorie>
    </uv>
    <uv automne="false" printemps="false">
        <code>NF02</code>
        <titre>Du Circuit Intégré Au Microprocesseur</titre>
        <credits>6</credits>
        <categorie>TM</categorie>
    </uv>
    <uv automne="false" printemps="false">
        <code>NF15</code>
        <titre>Microprocesseurs, Interfaces Et Logiciels De Bases</titre>
        <credits>6</credits>
        <categorie>TM</categorie>
    </uv>
    <uv automne="false" printemps="false">
        <code>NF17</code>
        <titre>Conception De Bases De Données</titre>
        <credits>6</credits>
        <categorie>TM</categorie>
    </uv>
    <uv automne="false" printemps="false">
        <code>NF22</code>
        <titre>Micro-Ordinateurs Et Applications</titre>
        <credits>6</credits>
        <categorie>TM</categorie>
    </uv>
    <uv automne="false" printemps="false">
        <code>NF92</code>
        <titre>Traitement Automatique De L'Information</titre>
        <credits>6</credits>
        <categorie>TM</categorie>
    </uv>
    <uv automne="false" printemps="false">
        <code>NP90</code>
        <titre>Nano-Projets</titre>
        <credits>2</credits>
        <categorie>TM</categorie>
    </uv>
    <uv automne="false" printemps="false">
        <code>NX17</code>
        <titre>Introduction Aux Bases De Donnees</titre>
        <credits>6</credits>
        <categorie>TM</categorie>
    </uv>
    <uv automne="false" printemps="false">
        <code>PR</code>
        <titre>Réalisation De Projet</titre>
        <credits>5</credits>
        <categorie>TM</categorie>
    </uv>
    <uv automne="false" printemps="false">
        <code>PS09</code>
        <titre>Acoustique Appliquée</titre>
        <credits>6</credits>
        <categorie>TM</categorie>
    </uv>
    <uv automne="false" printemps="false">
        <code>PS90</code>
        <titre>Introduction A La Mesure</titre>
        <credits>3</credits>
        <categorie>TM</categorie>
    </uv>
    <uv automne="false" printemps="false">
        <code>TF14</code>
        <titre>Les Opérations De Transfert De Matière</titre>
        <credits>6</credits>
        <categorie>TM</categorie>
    </uv>
    <uv automne="false" printemps="false">
        <code>TN01</code>
        <titre>éléments De Dessin Technique</titre>
        <credits>6</credits>
        <categorie>TM</categorie>
    </uv>
    <uv automne="false" printemps="false">
        <code>TN02</code>
        <titre>Introduction A La Conception Mécanique</titre>
        <credits>6</credits>
        <categorie>TM</categorie>
    </uv>
    <uv automne="false" printemps="false">
        <code>TN03</code>
        <titre>Fabrication Mécanique</titre>
        <credits>6</credits>
        <categorie>TM</categorie>
    </uv>
    <uv automne="false" printemps="false">
        <code>TN04</code>
        <titre>Réalisation</titre>
        <credits>4</credits>
        <categorie>TM</categorie>
    </uv>
    <uv automne="false" printemps="false">
        <code>TN08</code>
        <titre>Dessin De Communication</titre>
        <credits>5</credits>
        <categorie>TM</categorie>
    </uv>
    <uv automne="false" printemps="false">
        <code>TN20</code>
        <titre>Cao : Modélisation Géométrique</titre>
        <credits>6</credits>
        <categorie>TM</categorie>
    </uv>
    <uv automne="false" printemps="false">
        <code>TN22</code>
        <titre>éléments De Bureau D'études</titre>
        <credits>6</credits>
        <categorie>TM</categorie>
    </uv>
    <uv automne="false" printemps="false">
        <code>TR91</code>
        <titre>Techniques De Recherche D'Information Pour L'Ingenieur</titre>
        <credits>2</credits>
        <categorie>TM</categorie>
    </uv>
    <uv automne="false" printemps="false">
        <code>TS01</code>
        <titre>Maitrise Des Risques</titre>
        <credits>6</credits>
        <categorie>TM</categorie>
    </uv>
    <uv automne="false" printemps="false">
        <code>TX</code>
        <titre>étude Expérimentale</titre>
        <credits>5</credits>
        <categorie>TM</categorie>
    </uv>
    <uv automne="false" printemps="false">
        <code>UB04</code>
        <titre>Ambiances Et Environnement Lumineux</titre>
        <credits>5</credits>
        <categorie>TM</categorie>
    </uv>
    <uv automne="false" printemps="false">
        <code>UR03</code>
        <titre>Cartographie Sémiologie Graphique Et Cao/Dao</titre>
        <credits>5</credits>
        <categorie>TM</categorie>
    </uv>
    <uv automne="false" printemps="false">
        <code>UR05</code>
        <titre>Aménagement Et Environnement</titre>
        <credits>5</credits>
        <categorie>TM</categorie>
    </uv>
    <uv automne="false" printemps="false">
        <code>AR03</code>
        <titre>Art Et Technologies Contemporaines</titre>
        <credits>4</credits>
        <categorie>TSH</categorie>
    </uv>
    <uv automne="false" printemps="false">
        <code>DI01</code>
        <titre>Initiation Au Design Industriel</titre>
        <credits>4</credits>
        <categorie>TSH</categorie>
    </uv>
    <uv automne="false" printemps="false">
        <code>DI02</code>
        <titre>Initiation Au Design Graphique</titre>
        <credits>4</credits>
        <categorie>TSH</categorie>
    </uv>
    <uv automne="false" printemps="false">
        <code>EI03</code>
        <titre>Communication Interculturelle En Entreprises, Organisations Transnationales</titre>
        <credits>4</credits>
        <categorie>TSH</categorie>
    </uv>
    <uv automne="false" printemps="false">
        <code>EI04</code>
        <titre>Intelligence économique : Stratégie D'Entreprise, Démarche Et Outils</titre>
        <credits>4</credits>
        <categorie>TSH</categorie>
    </uv>
    <uv automne="false" printemps="false">
        <code>EI05</code>
        <titre>Science, Technologie Et Société Dans L'Union Européenne</titre>
        <credits>4</credits>
        <categorie>TSH</categorie>
    </uv>
    <uv automne="false" printemps="false">
        <code>GE10</code>
        <titre>économie Politique</titre>
        <credits>4</credits>
        <categorie>TSH</categorie>
    </uv>
    <uv automne="false" printemps="false">
        <code>GE12</code>
        <titre>Géographie Et économie Des Territoires</titre>
        <credits>4</credits>
        <categorie>TSH</categorie>
    </uv>
    <uv automne="false" printemps="false">
        <code>GE13</code>
        <titre>Les Risques Entre Technique Et Societe</titre>
        <credits>4</credits>
        <categorie>TSH</categorie>
    </uv>
    <uv automne="false" printemps="false">
        <code>GE15</code>
        <titre>Initiation A La Création Et Gestion D'Entreprises Innovantes</titre>
        <credits>4</credits>
        <categorie>TSH</categorie>
    </uv>
    <uv automne="false" printemps="false">
        <code>GE20</code>
        <titre>économie Industrielle</titre>
        <credits>4</credits>
        <categorie>TSH</categorie>
    </uv>
    <uv automne="false" printemps="false">
        <code>GE21</code>
        <titre>économie Et Gestion De L'Innovation Et Du Numérique</titre>
        <credits>4</credits>
        <categorie>TSH</categorie>
    </uv>
    <uv automne="false" printemps="false">
        <code>GE22</code>
        <titre>économie Internationale</titre>
        <credits>4</credits>
        <categorie>TSH</categorie>
    </uv>
    <uv automne="false" printemps="false">
        <code>GE23</code>
        <titre>Transferts De Technologies Et Développements</titre>
        <credits>4</credits>
        <categorie>TSH</categorie>
    </uv>
    <uv automne="false" printemps="false">
        <code>GE24</code>
        <titre>Recherche Developpement : Ingenieur Et Investisseurs</titre>
        <credits>4</credits>
        <categorie>TSH</categorie>
    </uv>
    <uv automne="false" printemps="false">
        <code>GE25</code>
        <titre>Gestion Et Organisation De La Production</titre>
        <credits>4</credits>
        <categorie>TSH</categorie>
    </uv>
    <uv automne="false" printemps="false">
        <code>GE26</code>
        <titre>Management Stratégique Des Ressources Humaines</titre>
        <credits>4</credits>
        <categorie>TSH</categorie>
    </uv>
    <uv automne="false" printemps="false">
        <code>GE28</code>
        <titre>économie Et Droit De La Propriété Intellectuelle (Industrielle Et Artistique) Dans Une économie Reposant Sur La Connaissance</titre>
        <credits>4</credits>
        <categorie>TSH</categorie>
    </uv>
    <uv automne="false" printemps="false">
        <code>GE29</code>
        <titre>Gestion Et Management International De L'Entreprise</titre>
        <credits>4</credits>
        <categorie>TSH</categorie>
    </uv>
    <uv automne="false" printemps="false">
        <code>GE36</code>
        <titre>Marketing</titre>
        <credits>4</credits>
        <categorie>TSH</categorie>
    </uv>
    <uv automne="false" printemps="false">
        <code>GE90</code>
        <titre>Organisation, Innovation Et International</titre>
        <credits>4</credits>
        <categorie>TSH</categorie>
    </uv>
    <uv automne="false" printemps="false">
        <code>HE01</code>
        <titre>épistémologie Et Histoire Des Sciences</titre>
        <credits>4</credits>
        <categorie>TSH</categorie>
    </uv>
    <uv automne="false" printemps="false">
        <code>HE03</code>
        <titre>Logique : Histoire Et Formalisme</titre>
        <credits>4</credits>
        <categorie>TSH</categorie>
    </uv>
    <uv automne="false" printemps="false">
        <code>HE05</code>
        <titre>Culture Et Histoire Des Techniques</titre>
        <credits>4</credits>
        <categorie>TSH</categorie>
    </uv>
    <uv automne="false" printemps="false">
        <code>IC01</code>
        <titre>Histoire Et Prospective Des Industries Culturelles</titre>
        <credits>4</credits>
        <categorie>TSH</categorie>
    </uv>
    <uv automne="false" printemps="false">
        <code>IC03</code>
        <titre>Le Numérique : Des Formats Aux Chaines De Production</titre>
        <credits>4</credits>
        <categorie>TSH</categorie>
    </uv>
    <uv automne="false" printemps="false">
        <code>IC05</code>
        <titre>Technologies Pour La Documentation Et L'Indexation Dans L'Hypermédia</titre>
        <credits>4</credits>
        <categorie>TSH</categorie>
    </uv>
    <uv automne="false" printemps="false">
        <code>IC07</code>
        <titre>Techniques Et Technologies Du Musical Et Du Sonore</titre>
        <credits>4</credits>
        <categorie>TSH</categorie>
    </uv>
    <uv automne="false" printemps="false">
        <code>LA00</code>
        <titre>Allemand Initiation</titre>
        <credits>4</credits>
        <categorie>TSH</categorie>
    </uv>
    <uv automne="false" printemps="false">
        <code>LA01</code>
        <titre>Allemand Niveau I</titre>
        <credits>4</credits>
        <categorie>TSH</categorie>
    </uv>
    <uv automne="false" printemps="false">
        <code>LA02</code>
        <titre>Allemand Niveau II</titre>
        <credits>4</credits>
        <categorie>TSH</categorie>
    </uv>
    <uv automne="false" printemps="false">
        <code>LA03</code>
        <titre>Allemand Niveau III</titre>
        <credits>4</credits>
        <categorie>TSH</categorie>
    </uv>
    <uv automne="false" printemps="false">
        <code>LA04</code>
        <titre>Pratique De La Communication En Allemand</titre>
        <credits>4</credits>
        <categorie>TSH</categorie>
    </uv>
    <uv automne="false" printemps="false">
        <code>LA11</code>
        <titre>Anglais Niveau I</titre>
        <credits>4</credits>
        <categorie>TSH</categorie>
    </uv>
    <uv automne="false" printemps="false">
        <code>LA12</code>
        <titre>Anglais Niveau II</titre>
        <credits>4</credits>
        <categorie>TSH</categorie>
    </uv>
    <uv automne="false" printemps="false">
        <code>LA13</code>
        <titre>Anglais Niveau III</titre>
        <credits>4</credits>
        <categorie>TSH</categorie>
    </uv>
    <uv automne="false" printemps="false">
        <code>LA14</code>
        <titre>Civilisation Du Monde Anglophone</titre>
        <credits>4</credits>
        <categorie>TSH</categorie>
    </uv>
    <uv automne="false" printemps="false">
        <code>LA15</code>
        <titre>Anglais Professionnel - Niveau V</titre>
        <credits>4</credits>
        <categorie>TSH</categorie>
    </uv>
    <uv automne="false" printemps="false">
        <code>LA20</code>
        <titre>Espagnol Initiation</titre>
        <credits>4</credits>
        <categorie>TSH</categorie>
    </uv>
    <uv automne="false" printemps="false">
        <code>LA21</code>
        <titre>Espagnol Niveau I</titre>
        <credits>4</credits>
        <categorie>TSH</categorie>
    </uv>
    <uv automne="false" printemps="false">
        <code>LA22</code>
        <titre>Espagnol Niveau II</titre>
        <credits>4</credits>
        <categorie>TSH</categorie>
    </uv>
    <uv automne="false" printemps="false">
        <code>LA23</code>
        <titre>Espagnol Niveau III</titre>
        <credits>4</credits>
        <categorie>TSH</categorie>
    </uv>
    <uv automne="false" printemps="false">
        <code>LA24</code>
        <titre>Le Monde Hispanique Contemporain : L'Amérique Latine (Niveau IV)</titre>
        <credits>4</credits>
        <categorie>TSH</categorie>
    </uv>
    <uv automne="false" printemps="false">
        <code>LA91</code>
        <titre>Francais Langue étrangère Niveau I</titre>
        <credits>4</credits>
        <categorie>TSH</categorie>
    </uv>
    <uv automne="false" printemps="false">
        <code>LA92</code>
        <titre>Francais Langue étrangère Niveau II</titre>
        <credits>4</credits>
        <categorie>TSH</categorie>
    </uv>
    <uv automne="false" printemps="false">
        <code>LA93</code>
        <titre>Francais Langue étrangère Niveau III</titre>
        <credits>4</credits>
        <categorie>TSH</categorie>
    </uv>
    <uv automne="false" printemps="false">
        <code>LA94</code>
        <titre>Francais Langue étrangère Niveau IV</titre>
        <credits>4</credits>
        <categorie>TSH</categorie>
    </uv>
    <uv automne="false" printemps="false">
        <code>LB04</code>
        <titre>Interculturalité Franco-Allemande</titre>
        <credits>4</credits>
        <categorie>TSH</categorie>
    </uv>
    <uv automne="false" printemps="false">
        <code>LB14</code>
        <titre>Interculturalité Appliquée Aux Pays Anglophones</titre>
        <credits>4</credits>
        <categorie>TSH</categorie>
    </uv>
    <uv automne="false" printemps="false">
        <code>LB24</code>
        <titre>Le Monde Hispanique (Niveau IV): L'Espagne</titre>
        <credits>4</credits>
        <categorie>TSH</categorie>
    </uv>
    <uv automne="false" printemps="false">
        <code>LC14</code>
        <titre>Communication Scientifique Et Technique En Anglais</titre>
        <credits>4</credits>
        <categorie>TSH</categorie>
    </uv>
    <uv automne="false" printemps="false">
        <code>LG30</code>
        <titre>Japonais Initiation</titre>
        <credits>4</credits>
        <categorie>TSH</categorie>
    </uv>
    <uv automne="false" printemps="false">
        <code>LG31</code>
        <titre>Japonais Niveau I</titre>
        <credits>4</credits>
        <categorie>TSH</categorie>
    </uv>
    <uv automne="false" printemps="false">
        <code>LG40</code>
        <titre>Portugais Initiation</titre>
        <credits>4</credits>
        <categorie>TSH</categorie>
    </uv>
    <uv automne="false" printemps="false">
        <code>LG41</code>
        <titre>Portugais Niveau I</titre>
        <credits>4</credits>
        <categorie>TSH</categorie>
    </uv>
    <uv automne="false" printemps="false">
        <code>LG42</code>
        <titre>Portugais Niveau II</titre>
        <credits>4</credits>
        <categorie>TSH</categorie>
    </uv>
    <uv automne="false" printemps="false">
        <code>LG50</code>
        <titre>Italien Initiation</titre>
        <credits>4</credits>
        <categorie>TSH</categorie>
    </uv>
    <uv automne="false" printemps="false">
        <code>LG51</code>
        <titre>Italien Niveau I</titre>
        <credits>4</credits>
        <categorie>TSH</categorie>
    </uv>
    <uv automne="false" printemps="false">
        <code>LG52</code>
        <titre>Italien Niveau II</titre>
        <credits>4</credits>
        <categorie>TSH</categorie>
    </uv>
    <uv automne="false" printemps="false">
        <code>LG60</code>
        <titre>Chinois Initiation</titre>
        <credits>4</credits>
        <categorie>TSH</categorie>
    </uv>
    <uv automne="false" printemps="false">
        <code>LG61</code>
        <titre>Chinois Niveau I</titre>
        <credits>4</credits>
        <categorie>TSH</categorie>
    </uv>
    <uv automne="false" printemps="false">
        <code>MU01</code>
        <titre>Pratique Instrumentale D'Ensemble</titre>
        <credits>4</credits>
        <categorie>TSH</categorie>
    </uv>
    <uv automne="false" printemps="false">
        <code>MU02</code>
        <titre>Pratique Instrumentale De Haut Niveau</titre>
        <credits>8</credits>
        <categorie>TSH</categorie>
    </uv>
    <uv automne="false" printemps="false">
        <code>MU03</code>
        <titre>Pratique Collective Des Musiques Contemporaines</titre>
        <credits>4</credits>
        <categorie>TSH</categorie>
    </uv>
    <uv automne="false" printemps="false">
        <code>PH01</code>
        <titre>Introduction à La Philosophie</titre>
        <credits>4</credits>
        <categorie>TSH</categorie>
    </uv>
    <uv automne="false" printemps="false">
        <code>PH09</code>
        <titre>éthiques : Approche Pluridisciplinaire</titre>
        <credits>4</credits>
        <categorie>TSH</categorie>
    </uv>
    <uv automne="false" printemps="false">
        <code>SA11</code>
        <titre>Pratiques Théatrales</titre>
        <credits>4</credits>
        <categorie>TSH</categorie>
    </uv>
    <uv automne="false" printemps="false">
        <code>SC01</code>
        <titre>Séminaire Interdisciplinaire De Sciences Et Technologies Cognitives</titre>
        <credits>4</credits>
        <categorie>TSH</categorie>
    </uv>
    <uv automne="false" printemps="false">
        <code>SC11</code>
        <titre>Théorie Des Sciences Cognitives : Computation Et énaction</titre>
        <credits>4</credits>
        <categorie>TSH</categorie>
    </uv>
    <uv automne="false" printemps="false">
        <code>SC12</code>
        <titre>Technologie, Cognition, Perception</titre>
        <credits>4</credits>
        <categorie>TSH</categorie>
    </uv>
    <uv automne="false" printemps="false">
        <code>SC21</code>
        <titre>Linguistique Et Philosophie Du Langage</titre>
        <credits>4</credits>
        <categorie>TSH</categorie>
    </uv>
    <uv automne="false" printemps="false">
        <code>SC22</code>
        <titre>Sociologie Cognitive, Lien Social Et Techniques</titre>
        <credits>4</credits>
        <categorie>TSH</categorie>
    </uv>
    <uv automne="false" printemps="false">
        <code>SI01</code>
        <titre>Science Et Debat Public</titre>
        <credits>4</credits>
        <categorie>TSH</categorie>
    </uv>
    <uv automne="false" printemps="false">
        <code>SI02</code>
        <titre>Communication Professionnelle De L'Ingénieur</titre>
        <credits>4</credits>
        <categorie>TSH</categorie>
    </uv>
    <uv automne="false" printemps="false">
        <code>SI05</code>
        <titre>Theories De La Communication</titre>
        <credits>4</credits>
        <categorie>TSH</categorie>
    </uv>
    <uv automne="false" printemps="false">
        <code>SI06</code>
        <titre>La Documentattion Cross-Media Pour Les Entreprises Et Les Collectivites Locales</titre>
        <credits>4</credits>
        <categorie>TSH</categorie>
    </uv>
    <uv automne="false" printemps="false">
        <code>SI07</code>
        <titre>Medias Classiques Et Medias Numeriques</titre>
        <credits>4</credits>
        <categorie>TSH</categorie>
    </uv>
    <uv automne="false" printemps="false">
        <code>SI11</code>
        <titre>Expression Orale- Parole Publique</titre>
        <credits>4</credits>
        <categorie>TSH</categorie>
    </uv>
    <uv automne="false" printemps="false">
        <code>SI14</code>
        <titre>Parole Publique En Anglais</titre>
        <credits>4</credits>
        <categorie>TSH</categorie>
    </uv>
    <uv automne="false" printemps="false">
        <code>SI20</code>
        <titre>Rhetorique Et Arts Du Discours</titre>
        <credits>4</credits>
        <categorie>TSH</categorie>
    </uv>
    <uv automne="false" printemps="false">
        <code>SI22</code>
        <titre>Signes Et Contenus Numeriques</titre>
        <credits>4</credits>
        <categorie>TSH</categorie>
    </uv>
    <uv automne="false" printemps="false">
        <code>SI24</code>
        <titre>études Des écritures Numériques Ordinaires</titre>
        <credits>4</credits>
        <categorie>TSH</categorie>
    </uv>
    <uv automne="false" printemps="false">
        <code>SI28</code>
        <titre>écriture Interactive Et Multimédia</titre>
        <credits>4</credits>
        <categorie>TSH</categorie>
    </uv>
    <uv automne="false" printemps="false">
        <code>SI90</code>
        <titre>Séminaire De Communication Des Connaissances Technologiques</titre>
        <credits>4</credits>
        <categorie>TSH</categorie>
    </uv>
    <uv automne="false" printemps="false">
        <code>SL</code>
        <titre>Suivi Linguistique</titre>
        <credits>4</credits>
        <categorie>TSH</categorie>
    </uv>
    <uv automne="false" printemps="false">
        <code>SO04</code>
        <titre>Initiation Au Droit</titre>
        <credits>4</credits>
        <categorie>TSH</categorie>
    </uv>
    <uv automne="false" printemps="false">
        <code>SO05</code>
        <titre>Sociologie, Organisations Et Dynamiques Des Collectifs</titre>
        <credits>4</credits>
        <categorie>TSH</categorie>
    </uv>
    <uv automne="false" printemps="false">
        <code>SP01</code>
        <titre>Un Corps Pour Comprendre Et Apprendre</titre>
        <credits>4</credits>
        <categorie>TSH</categorie>
    </uv>
    <uv automne="false" printemps="false">
        <code>SP02</code>
        <titre>Conduire Un Projet Sportif</titre>
        <credits>4</credits>
        <categorie>TSH</categorie>
    </uv>
    <uv automne="false" printemps="false">
        <code>TN16</code>
        <titre>étude Interculturelle</titre>
        <credits>4</credits>
        <categorie>TSH</categorie>
    </uv>
    <uv automne="false" printemps="false">
        <code>TO01</code>
        <titre>Module De Preparation Au Toeic</titre>
        <credits>2</credits>
        <categorie>TSH</categorie>
    </uv>
    <uv automne="false" printemps="true">
        <code>MT34</code>
        <titre>Analyse 2 : Mesures, Intégrations, Probabilités</titre>
        <credits>6</credits>
        <categorie>CS</categorie>
    </uv>
    <uv automne="false" printemps="true">
        <code>MT37</code>
        <titre>Logiques, Quelques Approfondissements Mathématiques Et Philosophiques</titre>
        <credits>3</credits>
        <categorie>CS</categorie>
    </uv>
    <uv automne="false" printemps="true">
        <code>MT38</code>
        <titre>Probabilités</titre>
        <credits>3</credits>
        <categorie>CS</categorie>
    </uv>
    <uv automne="false" printemps="false">
        <code>AP</code>
        <titre>Atelier Projet</titre>
        <credits>6</credits>
        <categorie>TM</categorie>
    </uv>
    <uv automne="false" printemps="true">
        <code>API06</code>
        <titre>Analyse De Donnees Et Data Mining (Apprentissage)</titre>
        <credits>4</credits>
        <categorie>CS</categorie>
    </uv>
    <uv automne="false" printemps="false">
        <code>API07</code>
        <titre>Architecture Des Applications Internet, Programmation Web Et Securite (Apprentissage)</titre>
        <credits>3</credits>
        <categorie>TM</categorie>
    </uv>
    <uv automne="false" printemps="false">
        <code>API08</code>
        <titre>Ihm Et Multimédia (Apprentissage)</titre>
        <credits>4</credits>
        <categorie>TM</categorie>
    </uv>
    <uv automne="false" printemps="true">
        <code>API09</code>
        <titre>Méthodes Et Outils Pour L'Optimisation Et La Simulation (Apprentissage)</titre>
        <credits>4</credits>
        <categorie>CS</categorie>
    </uv>
    <uv automne="false" printemps="false">
        <code>API10</code>
        <titre>Méthodes De Vérification Et Validation De Logiciel Et Programmation Sous Linux (Apprentissage)</titre>
        <credits>3</credits>
        <categorie>TM</categorie>
    </uv>
    <uv automne="false" printemps="false">
        <code>BA01</code>
        <titre>Equipements Techniques Du Batiment</titre>
        <credits>5</credits>
        <categorie>TM</categorie>
    </uv>
    <uv automne="false" printemps="false">
        <code>BA02</code>
        <titre>Gestion Technique Du Patrimoine Immobilier</titre>
        <credits>5</credits>
        <categorie>TM</categorie>
    </uv>
    <uv automne="false" printemps="false">
        <code>BA04</code>
        <titre>Conversion Et Gestion Des Energies Renouvelables</titre>
        <credits>6</credits>
        <categorie>TM</categorie>
    </uv>
    <uv automne="false" printemps="true">
        <code>BA09</code>
        <titre>Introduction Au Calcul Des Structures Du Batiment</titre>
        <credits>6</credits>
        <categorie>CS</categorie>
    </uv>
    <uv automne="false" printemps="true">
        <code>BI01</code>
        <titre>Modeles Pour La Bioinformatique</titre>
        <credits>6</credits>
        <categorie>CS</categorie>
    </uv>
    <uv automne="false" printemps="true">
        <code>BL30</code>
        <titre>Physiologie Des Systèmes Intégrés</titre>
        <credits>6</credits>
        <categorie>CS</categorie>
    </uv>
    <uv automne="false" printemps="true">
        <code>BL40</code>
        <titre>Génie Cellulaire</titre>
        <credits>6</credits>
        <categorie>CS</categorie>
    </uv>
    <uv automne="false" printemps="false">
        <code>BM02</code>
        <titre>Organes Artificiels Et Biorheologie</titre>
        <credits>6</credits>
        <categorie>TM</categorie>
    </uv>
    <uv automne="false" printemps="false">
        <code>BM08</code>
        <titre>Modélisation Des Systèmes Biomécaniques</titre>
        <credits>5</credits>
        <categorie>TM</categorie>
    </uv>
    <uv automne="false" printemps="false">
        <code>BT06</code>
        <titre>Analyse Des Produits Biologiques Et Alimentaires</titre>
        <credits>6</credits>
        <categorie>TM</categorie>
    </uv>
    <uv automne="false" printemps="false">
        <code>BT10</code>
        <titre>Risques Biologiques Et Sécurité Alimentaire</titre>
        <credits>5</credits>
        <categorie>TM</categorie>
    </uv>
    <uv automne="false" printemps="false">
        <code>BT21</code>
        <titre>Biotechnologies Moleculaires Et Genie Genetique</titre>
        <credits>6</credits>
        <categorie>TM</categorie>
    </uv>
    <uv automne="false" printemps="false">
        <code>BT22</code>
        <titre>Les Agroressources</titre>
        <credits>6</credits>
        <categorie>TM</categorie>
    </uv>
    <uv automne="false" printemps="false">
        <code>CM06</code>
        <titre>Calcul D'Une Opération Industrielle</titre>
        <credits>6</credits>
        <categorie>TM</categorie>
    </uv>
    <uv automne="false" printemps="true">
        <code>CM40</code>
        <titre>Catalyse Heterogene</titre>
        <credits>3</credits>
        <categorie>CS</categorie>
    </uv>
    <uv automne="false" printemps="false">
        <code>CT02</code>
        <titre>Maitrise Statistique Des Processus</titre>
        <credits>6</credits>
        <categorie>TM</categorie>
    </uv>
    <uv automne="false" printemps="false">
        <code>CT04</code>
        <titre>Controles Non Destructifs</titre>
        <credits>5</credits>
        <categorie>TM</categorie>
    </uv>
    <uv automne="false" printemps="false">
        <code>DI03</code>
        <titre>Conception Formelle Des Produits</titre>
        <credits>6</credits>
        <categorie>TM</categorie>
    </uv>
    <uv automne="false" printemps="false">
        <code>DI05</code>
        <titre>Methodologie Et Analyse De La Valeur</titre>
        <credits>6</credits>
        <categorie>TM</categorie>
    </uv>
    <uv automne="false" printemps="false">
        <code>DI06</code>
        <titre>Analyse Des Produits De Consommation</titre>
        <credits>5</credits>
        <categorie>TM</categorie>
    </uv>
    <uv automne="false" printemps="false">
        <code>EG01</code>
        <titre>Ergonomie</titre>
        <credits>6</credits>
        <categorie>TM</categorie>
    </uv>
    <uv automne="false" printemps="false">
        <code>EN14</code>
        <titre>Fonctions Électroniques Pour L'Ingénieur</titre>
        <credits>6</credits>
        <categorie>TM</categorie>
    </uv>
    <uv automne="false" printemps="false">
        <code>EV01</code>
        <titre>Procédés De Traitement Des Déchets</titre>
        <credits>6</credits>
        <categorie>TM</categorie>
    </uv>
    <uv automne="false" printemps="true">
        <code>FPP02</code>
        <titre>Fiabilite Et Ingenierie Robuste De Produits (Apprentissage)</titre>
        <credits>3</credits>
        <categorie>CS</categorie>
    </uv>
    <uv automne="false" printemps="false">
        <code>FQ07</code>
        <titre>La Qualité Des Services A L'Industrie</titre>
        <credits>5</credits>
        <categorie>TM</categorie>
    </uv>
    <uv automne="false" printemps="false">
        <code>GE38</code>
        <titre>Management Et Outils D'Aide à La Créativité Industrielle Et à L'Innovation</titre>
        <credits>6</credits>
        <categorie>TM</categorie>
    </uv>
    <uv automne="false" printemps="false">
        <code>GE39</code>
        <titre>Management Et Marketing De L'Innovation</titre>
        <credits>6</credits>
        <categorie>TM</categorie>
    </uv>
    <uv automne="false" printemps="false">
        <code>GPL01</code>
        <titre>Gestion De Production Et Erp (Apprentissage)</titre>
        <credits>5</credits>
        <categorie>TM</categorie>
    </uv>
    <uv automne="false" printemps="false">
        <code>IA04</code>
        <titre>Systèmes Multiagents</titre>
        <credits>6</credits>
        <categorie>TM</categorie>
    </uv>
    <uv automne="false" printemps="false">
        <code>LO17</code>
        <titre>Indexation Et Recherche D'Information</titre>
        <credits>6</credits>
        <categorie>TM</categorie>
    </uv>
    <uv automne="false" printemps="false">
        <code>LO18</code>
        <titre>Projets Multimédia Pour La Formation</titre>
        <credits>6</credits>
        <categorie>TM</categorie>
    </uv>
    <uv automne="false" printemps="true">
        <code>MAT03</code>
        <titre>Mecanique Des Materiaux (Apprentissage)</titre>
        <credits>3</credits>
        <categorie>CS</categorie>
    </uv>
    <uv automne="true" printemps="true">
        <code>MB11</code>
        <titre>Révision D'Analyse Et D'Algèbre (Gb, Gi, Gsu)</titre>
        <credits>6</credits>
        <categorie>CS</categorie>
    </uv>
    <uv automne="false" printemps="true">
        <code>MC01</code>
        <titre>Machines Électriques</titre>
        <credits>6</credits>
        <categorie>CS</categorie>
    </uv>
    <uv automne="false" printemps="false">
        <code>MC05</code>
        <titre>Machines De Transfert De Fluides</titre>
        <credits>6</credits>
        <categorie>TM</categorie>
    </uv>
    <uv automne="false" printemps="false">
        <code>MC07</code>
        <titre>Électronique De Puissance</titre>
        <credits>6</credits>
        <categorie>TM</categorie>
    </uv>
    <uv automne="false" printemps="true">
        <code>MEQ03</code>
        <titre>Dynamique Des Solides (Apprentissage)</titre>
        <credits>3</credits>
        <categorie>CS</categorie>
    </uv>
    <uv automne="false" printemps="false">
        <code>MI03</code>
        <titre>Systèmes Temps Réel</titre>
        <credits>6</credits>
        <categorie>TM</categorie>
    </uv>
    <uv automne="false" printemps="false">
        <code>MP02</code>
        <titre>Introduction Aux Méthodes De La Gpao</titre>
        <credits>6</credits>
        <categorie>TM</categorie>
    </uv>
    <uv automne="false" printemps="true">
        <code>MQ02</code>
        <titre>Mécanique Des Solides Déformables</titre>
        <credits>6</credits>
        <categorie>CS</categorie>
    </uv>
    <uv automne="false" printemps="false">
        <code>MQ04</code>
        <titre>Polymères</titre>
        <credits>6</credits>
        <categorie>TM</categorie>
    </uv>
    <uv automne="false" printemps="false">
        <code>MQ06</code>
        <titre>Modélisation Des Structures Par Éléments Finis</titre>
        <credits>6</credits>
        <categorie>TM</categorie>
    </uv>
    <uv automne="false" printemps="false">
        <code>MQ08</code>
        <titre>Elaboration Et Proprietes D'Usage Des Metaux</titre>
        <credits>6</credits>
        <categorie>TM</categorie>
    </uv>
    <uv automne="false" printemps="false">
        <code>MQ09</code>
        <titre>Mécanique Des Vibrations II</titre>
        <credits>6</credits>
        <categorie>TM</categorie>
    </uv>
    <uv automne="false" printemps="false">
        <code>MQ10</code>
        <titre>Comportement Mécanique Des Matériaux</titre>
        <credits>6</credits>
        <categorie>TM</categorie>
    </uv>
    <uv automne="false" printemps="false">
        <code>MQ11</code>
        <titre>Mise En Oeuvre Des Matériaux</titre>
        <credits>6</credits>
        <categorie>TM</categorie>
    </uv>
    <uv automne="false" printemps="false">
        <code>MQ14</code>
        <titre>Optimisation En Mécanique</titre>
        <credits>6</credits>
        <categorie>TM</categorie>
    </uv>
    <uv automne="false" printemps="false">
        <code>MQ19</code>
        <titre>Dynamique Des Structures</titre>
        <credits>6</credits>
        <categorie>TM</categorie>
    </uv>
    <uv automne="false" printemps="false">
        <code>MS02</code>
        <titre>Principes Physiques Des Capteurs Et Instrumentation</titre>
        <credits>6</credits>
        <categorie>TM</categorie>
    </uv>
    <uv automne="false" printemps="false">
        <code>MS03</code>
        <titre>Pratique Expérimentale En Acoustique Et Vibrations</titre>
        <credits>6</credits>
        <categorie>TM</categorie>
    </uv>
    <uv automne="false" printemps="true">
        <code>NF11</code>
        <titre>Théorie Des Langages De Programmation</titre>
        <credits>6</credits>
        <categorie>CS</categorie>
    </uv>
    <uv automne="false" printemps="false">
        <code>NF24</code>
        <titre>Modelisation Et Simulation Des Procedes</titre>
        <credits>6</credits>
        <categorie>TM</categorie>
    </uv>
    <uv automne="false" printemps="false">
        <code>NF26</code>
        <titre>Data Warehouse Et Outils Décisionnels</titre>
        <credits>6</credits>
        <categorie>TM</categorie>
    </uv>
    <uv automne="false" printemps="false">
        <code>NF28</code>
        <titre>Ingénierie Des Systèmes Intéractifs</titre>
        <credits>6</credits>
        <categorie>TM</categorie>
    </uv>
    <uv automne="false" printemps="false">
        <code>NF33</code>
        <titre>Conception Et Architecture De Systèmes Numériques Informatiques</titre>
        <credits>6</credits>
        <categorie>TM</categorie>
    </uv>
    <uv automne="false" printemps="true">
        <code>PS05</code>
        <titre>Fondements De L'Acoustique Et Modélisations</titre>
        <credits>6</credits>
        <categorie>CS</categorie>
    </uv>
    <uv automne="false" printemps="true">
        <code>RO04</code>
        <titre>Optimisation Et Recherche Opérationnelle</titre>
        <credits>6</credits>
        <categorie>CS</categorie>
    </uv>
    <uv automne="false" printemps="false">
        <code>SCI08</code>
        <titre>Introduction A L'Ingenierie Systeme</titre>
        <credits>6</credits>
        <categorie>TM</categorie>
    </uv>
    <uv automne="false" printemps="false">
        <code>SR03</code>
        <titre>Architecture Des Applications Internet</titre>
        <credits>6</credits>
        <categorie>TM</categorie>
    </uv>
    <uv automne="false" printemps="false">
        <code>SY05</code>
        <titre>Conduite Des Procédés</titre>
        <credits>6</credits>
        <categorie>TM</categorie>
    </uv>
    <uv automne="false" printemps="true">
        <code>SY06</code>
        <titre>Analyse Et Traitement Du Signal</titre>
        <credits>6</credits>
        <categorie>CS</categorie>
    </uv>
    <uv automne="false" printemps="true">
        <code>SY09</code>
        <titre>Analyse Des Données Et Data Mining</titre>
        <credits>6</credits>
        <categorie>CS</categorie>
    </uv>
    <uv automne="false" printemps="false">
        <code>SY12</code>
        <titre>Modélisation Et Performance Des Systèmes De Production</titre>
        <credits>6</credits>
        <categorie>TM</categorie>
    </uv>
    <uv automne="false" printemps="true">
        <code>SY15</code>
        <titre>Automatique Avancée</titre>
        <credits>6</credits>
        <categorie>CS</categorie>
    </uv>
    <uv automne="false" printemps="false">
        <code>SY26</code>
        <titre>Télécommunications</titre>
        <credits>6</credits>
        <categorie>TM</categorie>
    </uv>
    <uv automne="false" printemps="false">
        <code>TA02</code>
        <titre>Évaluation Économique Des Procédés</titre>
        <credits>6</credits>
        <categorie>TM</categorie>
    </uv>
    <uv automne="false" printemps="false">
        <code>TF07</code>
        <titre>Calcul Des Échangeurs Thermiques Industriels</titre>
        <credits>6</credits>
        <categorie>TM</categorie>
    </uv>
    <uv automne="false" printemps="false">
        <code>TF08</code>
        <titre>Hydrodynamique Des Systèmes Dispersés</titre>
        <credits>6</credits>
        <categorie>TM</categorie>
    </uv>
    <uv automne="false" printemps="false">
        <code>TMI01</code>
        <titre>Conception Niveau 2 (Apprentissage)</titre>
        <credits>5</credits>
        <categorie>TM</categorie>
    </uv>
    <uv automne="false" printemps="false">
        <code>TMI05</code>
        <titre>Fabrication Assistee Par Ordinateur Et Machines A Commande Numerique (Apprentissage)</titre>
        <credits>3</credits>
        <categorie>TM</categorie>
    </uv>
    <uv automne="false" printemps="false">
        <code>TN12</code>
        <titre>Conception Mécanique</titre>
        <credits>6</credits>
        <categorie>TM</categorie>
    </uv>
    <uv automne="false" printemps="false">
        <code>TN13</code>
        <titre>Dimensionnement Pour La Conception Des Systemes Mecaniques</titre>
        <credits>6</credits>
        <categorie>TM</categorie>
    </uv>
    <uv automne="false" printemps="false">
        <code>TN15</code>
        <titre>Création De Produit, D'Activité, D'Entreprise</titre>
        <credits>6</credits>
        <categorie>TM</categorie>
    </uv>
    <uv automne="false" printemps="false">
        <code>TN24</code>
        <titre>Technologies De Fabrication Et Outils Méthodes</titre>
        <credits>6</credits>
        <categorie>TM</categorie>
    </uv>
    <uv automne="false" printemps="false">
        <code>TN29</code>
        <titre>Outils De Definition Et De Developpement De Systemes</titre>
        <credits>6</credits>
        <categorie>TM</categorie>
    </uv>
    <uv automne="false" printemps="false">
        <code>TN30</code>
        <titre>Xao En Milieu Professionnel</titre>
        <credits>3</credits>
        <categorie>TM</categorie>
    </uv>
    <uv automne="false" printemps="false">
        <code>UB02</code>
        <titre>Systemes De Transport Urbain</titre>
        <credits>5</credits>
        <categorie>TM</categorie>
    </uv>
    <uv automne="false" printemps="false">
        <code>UB06</code>
        <titre>Mises En Scènes Urbaines</titre>
        <credits>5</credits>
        <categorie>TM</categorie>
    </uv>
    <uv automne="false" printemps="true">
        <code>UB08</code>
        <titre>Hydrologie Urbaine</titre>
        <credits>6</credits>
        <categorie>CS</categorie>
    </uv>
    <uv automne="false" printemps="false">
        <code>UR01</code>
        <titre>Droit De L'Urbanisme, De La Construction Et De L'Environnement</titre>
        <credits>5</credits>
        <categorie>TM</categorie>
    </uv>
    <uv automne="false" printemps="false">
        <code>UXD01</code>
        <titre>Design D'Experience</titre>
        <credits>6</credits>
        <categorie>TM</categorie>
    </uv>
    <uv automne="false" printemps="true">
        <code>NF16</code>
        <titre>Algorithmique et structures de données</titre>
        <credits>6</credits>
        <categorie>CS</categorie>
    </uv>
</uvs>
